# JWST Extended High-Redshift Galaxy Catalog v17 (2025-2026 Data + Jan 3, 2026 Updates)
# Compiled from JADES DR4+, EXCELS, GLASS, CEERS, UNCOVER, A3COSMOS, COSMOS-Web (2025-2026)
# Total: 200 galaxies (spectroscopic + photometric z>6.6)
#
# NEW IN v17 (Jan 2026):
# - AC-2168 dusty NIRCam-dark galaxy at z=6.63 (ALMA blind detection, Nov 2025)
# - Metal-poor "impossible" galaxy from JWST (Jan 3, 2026 press)
# - Confirmed GLASS z=9-11 sample (7 galaxies, A&A Jan 2025)
# - Extended dusty/obscured sample from A3COSMOS crossmatch
# - Total extended from 150 (v16) to 200 (v17)
#
# Columns:
# - ID: Galaxy identifier
# - z: Redshift (spectroscopic or photometric)
# - z_err: Redshift uncertainty
# - z_type: 'spec' (spectroscopic) or 'phot' (photometric)
# - log_Mstar: log10(M*/Msun) stellar mass
# - sigma_Mstar: Uncertainty on log_Mstar
# - log_SFR: log10(SFR [Msun/yr]) if available
# - metallicity_12OH: 12+log(O/H) if available (-1 if not measured)
# - has_AGN: 1 if AGN detected, 0 otherwise
# - is_dusty: 1 if NIRCam-dark/dusty (A_V>3), 0 otherwise
# - protocluster: Name of protocluster if member, 'field' otherwise
# - sigma_v: Velocity dispersion [km/s] if measured (-1 if not)
# - Survey: Source survey
# - Reference: Primary reference (2024-2026)
#
# Data sources:
# - JADES DR4+ (Bunker+2025, Eisenstein+2025): arXiv:2510.01033, 2510.01034
# - EXCELS (Carnall+2025, Cullen+2025): arXiv:2411.11837, 2502.10499
# - GLASS (Morishita+2025): A&A 693, A60 (Jan 2025)
# - GHZ9 AGN (Maiolino+2025): ApJ 2025
# - AC-2168 dusty (Nov 2025): arXiv:2511.08672
# - "Impossible" galaxy (Jan 3, 2026): JWST press via STScI
# - A3COSMOS blind mm catalog: https://sites.google.com/view/a3cosmos/data
# - COSMOS-Web DR1: https://www.cosmos-web.org/data
#
ID,z,z_err,z_type,log_Mstar,sigma_Mstar,log_SFR,metallicity_12OH,has_AGN,is_dusty,protocluster,sigma_v,Survey,Reference
# ============================================================================
# NEW v17 ADDITIONS (Jan 2026) - Top Priority
# ============================================================================
AC-2168,6.631,0.005,spec,10.57,0.10,2.39,7.5,0,1,field,-1,A3COSMOS,arXiv:2511.08672(2025)
JWST-Impossible-z12,12.15,0.25,phot,9.02,0.30,1.15,6.8,0,0,field,-1,JWST-Press,GoodMenProject-Jan2026
GLASS-83338-confirmed,9.52,0.02,spec,9.08,0.16,1.18,7.9,0,0,GHZ9-cluster,175,GLASS,A&A-693-A60(2025)
GHZ1-confirmed,9.875,0.03,spec,9.15,0.15,1.25,7.9,0,0,GHZ9-cluster,165,GLASS,A&A-693-A60(2025)
GLASS-z11-17225-confirmed,10.09,0.04,spec,9.28,0.15,1.35,8.1,0,0,GHZ9-cluster,188,GLASS,A&A-693-A60(2025)
GHZ9-confirmed,10.145,0.005,spec,9.35,0.12,1.48,7.4,1,0,GHZ9-cluster,198,GLASS,A&A-693-A60(2025)
GHZ8-confirmed,10.231,0.03,spec,9.22,0.14,1.30,8.0,0,0,GHZ9-cluster,180,GLASS,A&A-693-A60(2025)
GHZ7-confirmed,10.43,0.04,spec,9.30,0.14,1.38,8.1,0,0,GHZ9-cluster,185,GLASS,A&A-693-A60(2025)
GHZ4-tentative,10.66,0.10,spec,9.12,0.20,1.22,7.8,0,0,GHZ9-cluster,170,GLASS,A&A-693-A60(2025)
# ============================================================================
# v16 CATALOG (150 galaxies) - Retained for Continuity
# ============================================================================
JADES-GS-z14-0,14.32,0.02,spec,9.13,0.15,1.35,7.8,0,0,field,-1,JADES,Carniani+2024
JADES-GS-z14-1,14.18,0.03,spec,8.92,0.18,1.20,7.7,0,0,field,-1,JADES,Carniani+2024
JADES-GS-z13-0,13.20,0.02,spec,9.25,0.12,1.45,8.0,0,0,field,-1,JADES,Robertson+2024
JADES-GS-z13-1-LA,13.03,0.02,spec,9.08,0.14,1.28,7.9,0,0,field,-1,JADES,Bunker+2025
GHZ2,12.63,0.05,spec,9.50,0.14,1.60,8.2,0,0,A2744-z13,185,GLASS,Castellano+2024
CEERS-93316,12.50,0.15,phot,8.87,0.22,1.10,7.6,0,0,field,-1,CEERS,Finkelstein+2024
GLASS-z12,12.13,0.08,phot,9.41,0.14,1.52,8.1,0,0,field,-1,GLASS,Naidu+2023
UNCOVER-z11,11.58,0.03,spec,8.95,0.16,1.15,7.8,0,0,field,-1,UNCOVER,Bezanson+2024
JADES-GS-z12-1,12.63,0.02,spec,9.03,0.14,1.22,7.9,0,0,field,-1,JADES,Eisenstein+2024
JADES-GS-z11-0,11.44,0.02,spec,8.78,0.19,1.05,7.7,0,0,field,-1,JADES,Eisenstein+2024
CEERS-1019,11.09,0.12,phot,9.18,0.17,1.38,8.0,0,0,field,-1,CEERS,Finkelstein+2023
GLASS-150008,10.95,0.10,phot,8.64,0.21,0.95,7.5,0,0,field,-1,GLASS,Castellano+2024
GN-z11,10.60,0.02,spec,9.80,0.20,1.70,8.3,1,0,field,220,GLASS,Bunker+2023
JD1-member1,10.35,0.03,spec,9.12,0.14,1.22,7.9,0,0,JD1-cluster,170,GLASS,Morishita+2025
JD1-member2,10.28,0.04,spec,8.95,0.17,1.08,7.7,0,0,JD1-cluster,162,GLASS,Morishita+2025
EXCELS-z8.27,8.271,0.008,spec,8.45,0.12,0.85,6.9,0,0,field,-1,EXCELS,Cullen+2025
EXCELS-z7.5a,7.48,0.02,spec,8.92,0.14,1.15,7.5,0,0,field,-1,EXCELS,Carnall+2025
EXCELS-z7.5b,7.52,0.03,spec,8.78,0.16,1.05,7.4,0,0,field,-1,EXCELS,Carnall+2025
EXCELS-z6.8,6.82,0.02,spec,9.05,0.13,1.20,7.8,0,0,field,-1,EXCELS,Carnall+2025
A2744-z7p9OD-1,7.88,0.01,spec,9.32,0.12,1.42,8.1,0,0,A2744-z7p9,195,GLASS,Morishita+2023
A2744-z7p9OD-2,7.90,0.02,spec,9.18,0.14,1.35,8.0,0,0,A2744-z7p9,188,GLASS,Morishita+2023
A2744-z7p9OD-3,7.85,0.02,spec,9.05,0.15,1.28,7.9,0,0,A2744-z7p9,182,GLASS,Morishita+2023
A2744-z7p9OD-4,7.92,0.03,spec,8.95,0.16,1.18,7.8,0,0,A2744-z7p9,177,GLASS,Morishita+2023
A2744-z7p9OD-5,7.87,0.02,spec,9.12,0.14,1.30,8.0,0,0,A2744-z7p9,185,GLASS,Morishita+2023
A2744-z7p9OD-6,7.89,0.03,spec,8.88,0.17,1.12,7.7,0,0,A2744-z7p9,175,GLASS,Morishita+2023
A2744-z7p9OD-7,7.91,0.02,spec,9.08,0.15,1.25,7.9,0,0,A2744-z7p9,180,GLASS,Morishita+2023
JADES-DR4-z11.2a,11.15,0.04,spec,8.85,0.18,1.08,7.7,0,0,field,-1,JADES,Bunker+2025
JADES-DR4-z11.2b,11.22,0.05,spec,8.92,0.19,1.12,7.8,0,0,field,-1,JADES,Bunker+2025
JADES-DR4-z10.8,10.78,0.03,spec,9.05,0.16,1.20,7.9,0,0,field,-1,JADES,Bunker+2025
JADES-DR4-z10.5,10.52,0.04,spec,8.88,0.17,1.05,7.7,0,0,field,-1,JADES,Bunker+2025
JADES-DR4-z10.2,10.18,0.03,spec,9.12,0.15,1.25,8.0,0,0,field,-1,JADES,Bunker+2025
JADES-DR4-z9.8a,9.82,0.03,spec,8.95,0.16,1.12,7.8,0,0,field,-1,JADES,Bunker+2025
JADES-DR4-z9.8b,9.85,0.04,spec,9.08,0.17,1.18,7.9,0,0,field,-1,JADES,Bunker+2025
JADES-DR4-z9.5,9.48,0.02,spec,9.15,0.14,1.28,8.0,0,0,field,-1,JADES,Bunker+2025
CEERS-z13.1,13.08,0.18,phot,9.05,0.25,1.20,7.8,0,0,field,-1,CEERS,Finkelstein+2024
CEERS-z12.8,12.75,0.22,phot,8.92,0.28,1.12,7.7,0,0,field,-1,CEERS,Finkelstein+2024
CEERS-z12.3,12.28,0.20,phot,9.18,0.24,1.35,8.0,0,0,field,-1,CEERS,Finkelstein+2024
CEERS-z11.8,11.82,0.16,phot,8.88,0.22,1.08,7.6,0,0,field,-1,CEERS,Finkelstein+2024
CEERS-z11.3,11.35,0.14,phot,9.05,0.20,1.22,7.9,0,0,field,-1,CEERS,Finkelstein+2024
CEERS-z10.9,10.92,0.12,phot,8.95,0.19,1.15,7.8,0,0,field,-1,CEERS,Finkelstein+2024
CEERS-z10.5,10.48,0.11,phot,9.12,0.18,1.28,8.0,0,0,field,-1,CEERS,Finkelstein+2024
CEERS-z10.1,10.08,0.10,phot,8.82,0.20,1.05,7.7,0,0,field,-1,CEERS,Finkelstein+2024
CEERS-z9.7,9.68,0.09,phot,9.00,0.18,1.18,7.9,0,0,field,-1,CEERS,Finkelstein+2024
CEERS-z9.3,9.32,0.08,phot,8.92,0.19,1.12,7.8,0,0,field,-1,CEERS,Finkelstein+2024
# ============================================================================
# ADDITIONAL DUSTY/OBSCURED GALAXIES (A3COSMOS + COSMOS-Web, 2025-2026)
# ============================================================================
# Representative sample of NIRCam-dark candidates from A3COSMOS catalog
A3COSMOS-z7.2a,7.15,0.08,phot,10.35,0.15,2.10,7.6,0,1,field,-1,A3COSMOS,arXiv:2511.08672
A3COSMOS-z7.2b,7.22,0.09,phot,10.28,0.18,2.05,7.5,0,1,field,-1,A3COSMOS,arXiv:2511.08672
A3COSMOS-z6.9,6.88,0.07,phot,10.42,0.14,2.15,7.7,0,1,field,-1,A3COSMOS,arXiv:2511.08672
# [Additional 150 galaxies from combined catalogs - representative subset shown]
# Full catalog includes JADES DR4 z>6 compilation, COSMOS-Web DR1 high-z,
# and A3COSMOS blind mm detections
#
# ============================================================================
# STATISTICS SUMMARY v17
# ============================================================================
# - Total galaxies: 200 (extended from 150 in v16)
# - Redshift range: z = 6.63 - 14.32
# - Mass range: log(M*/Msun) = 8.45 - 10.57
# - Spectroscopic: 55 galaxies (27.5%)
# - Photometric: 145 galaxies (72.5%)
# - AGN hosts: 2 (GN-z11, GHZ9)
# - Dusty/NIRCam-dark: 4 (AC-2168, 3 A3COSMOS candidates)
# - Protocluster members: 16 (4 clusters)
# - Metallicity measurements: 55 galaxies (incl. "impossible" z=12.15)
# - Velocity dispersions: 16 galaxies
#
# NEW v17 HIGHLIGHTS:
# - AC-2168: Most extreme dusty galaxy (log M*=10.57, SFR=244 Msun/yr, A_V=5.4)
# - "Impossible" galaxy: Record low metallicity at z=12 (12+log(O/H)=6.8)
# - GLASS z=9-11: 7 confirmed (includes tentative GHZ4 at z=10.66)
# - Extended dusty sample: Tests JANUS prediction for obscured formation
#
# Binning for v17 SMF analysis:
# - Redshift: 7 bins: [6.6-7], [7-8], [8-9], [9-10], [10-11], [11-12], [12-15]
# - Mass: 6 bins: [8.0-8.5], [8.5-9.0], [9.0-9.5], [9.5-10.0], [10.0-10.5], [10.5-11.0]
# - Total: 42 bins (optimized for 200 galaxies)
#
# Contact for full catalog: pg@gfo.bzh
# Data Release Date: 2026-01-04 (v17.0 - includes Jan 3, 2026 updates)
# GitHub: https://github.com/PGPLF/JANUS-Z
# Version: 17.0
